Country/Region,Date,Confirmed Cases,Days,Log Confirmed Cases
Belgium,2020-01-22,0,1,-inf
Belgium,2020-01-23,0,2,-inf
Belgium,2020-01-24,0,3,-inf
Belgium,2020-01-25,0,4,-inf
Belgium,2020-01-26,0,5,-inf
Belgium,2020-01-27,0,6,-inf
Belgium,2020-01-28,0,7,-inf
Belgium,2020-01-29,0,8,-inf
Belgium,2020-01-30,0,9,-inf
Belgium,2020-01-31,0,10,-inf
Belgium,2020-02-01,0,11,-inf
Belgium,2020-02-02,0,12,-inf
Belgium,2020-02-03,0,13,-inf
Belgium,2020-02-04,1,14,0.0
Belgium,2020-02-05,1,15,0.0
Belgium,2020-02-06,1,16,0.0
Belgium,2020-02-07,1,17,0.0
Belgium,2020-02-08,1,18,0.0
Belgium,2020-02-09,1,19,0.0
Belgium,2020-02-10,1,20,0.0
Belgium,2020-02-11,1,21,0.0
Belgium,2020-02-12,1,22,0.0
Belgium,2020-02-13,1,23,0.0
Belgium,2020-02-14,1,24,0.0
Belgium,2020-02-15,1,25,0.0
Belgium,2020-02-16,1,26,0.0
Belgium,2020-02-17,1,27,0.0
Belgium,2020-02-18,1,28,0.0
Belgium,2020-02-19,1,29,0.0
Belgium,2020-02-20,1,30,0.0
Belgium,2020-02-21,1,31,0.0
Belgium,2020-02-22,1,32,0.0
Belgium,2020-02-23,1,33,0.0
Belgium,2020-02-24,1,34,0.0
Belgium,2020-02-25,1,35,0.0
Belgium,2020-02-26,1,36,0.0
Belgium,2020-02-27,1,37,0.0
Belgium,2020-02-28,1,38,0.0
Belgium,2020-02-29,1,39,0.0
Belgium,2020-03-01,2,40,0.6931471805599453
Belgium,2020-03-02,8,41,2.0794415416798357
Belgium,2020-03-03,13,42,2.5649493574615367
Belgium,2020-03-04,23,43,3.1354942159291497
Belgium,2020-03-05,50,44,3.912023005428146
Belgium,2020-03-06,109,45,4.6913478822291435
Belgium,2020-03-07,169,46,5.1298987149230735
Belgium,2020-03-08,200,47,5.298317366548036
Belgium,2020-03-09,239,48,5.476463551931511
Belgium,2020-03-10,267,49,5.58724865840025
Belgium,2020-03-11,314,50,5.749392985908253
Belgium,2020-03-12,314,51,5.749392985908253
Belgium,2020-03-13,559,52,6.326149473155099
Belgium,2020-03-14,689,53,6.535241271013659
Belgium,2020-03-15,886,54,6.786716950605081
Belgium,2020-03-16,1058,55,6.964135612418245
Belgium,2020-03-17,1243,56,7.1252830915107115
Belgium,2020-03-18,1486,57,7.303843225277705
Belgium,2020-03-19,1795,58,7.492760300922379
Belgium,2020-03-20,2257,59,7.721791776817535
Belgium,2020-03-21,2815,60,7.942717540573791
Belgium,2020-03-22,3401,61,8.131824785007195
Belgium,2020-03-23,3743,62,8.22764270790443
Belgium,2020-03-24,4269,63,8.359134886757962
Belgium,2020-03-25,4937,64,8.504513138258863
Belgium,2020-03-26,6235,65,8.737933858114136
Belgium,2020-03-27,7284,66,8.8934354408475
Belgium,2020-03-28,9134,67,9.119758993744945
Belgium,2020-03-29,10836,68,9.290629203204986
Belgium,2020-03-30,11899,69,9.384209641955154
Belgium,2020-03-31,12775,70,9.455245415071905
Belgium,2020-04-01,13964,71,9.544237868224927
Belgium,2020-04-02,15348,72,9.638740451366843
Belgium,2020-04-03,16770,73,9.727346854817254
Belgium,2020-04-04,18431,74,9.821789308551622
Belgium,2020-04-05,19691,75,9.88791695754517
Belgium,2020-04-06,20814,76,9.943381116197804
Belgium,2020-04-07,22194,77,10.00757726106051
Belgium,2020-04-08,23403,78,10.060619498256424
Belgium,2020-04-09,24983,79,10.125950872545474
Belgium,2020-04-10,26667,80,10.191182124909785
Belgium,2020-04-11,28018,81,10.24060243975606
Belgium,2020-04-12,29647,82,10.297116218868338
Belgium,2020-04-13,30589,83,10.3283957461889
Belgium,2020-04-14,31119,84,10.345573844099938
Belgium,2020-04-15,33573,85,10.421477451486137
Belgium,2020-04-16,34809,86,10.457631253015656
Belgium,2020-04-17,36138,87,10.495100222271777
Belgium,2020-04-18,37183,88,10.523606946562516
Belgium,2020-04-19,38496,89,10.558309618774405
Belgium,2020-04-20,39983,90,10.596209642757977
Belgium,2020-04-21,40956,91,10.620253598694708
Belgium,2020-04-22,41889,92,10.642778541610305
Belgium,2020-04-23,42797,93,10.664223285655282
Belgium,2020-04-24,44293,94,10.698581930003753
Belgium,2020-04-25,45325,95,10.721614035623052
Belgium,2020-04-26,46134,96,10.739305484260235
Belgium,2020-04-27,46687,97,10.75122103231314
Belgium,2020-04-28,47334,98,10.764984132323145
Belgium,2020-04-29,47859,99,10.776014466969107
Belgium,2020-04-30,48519,100,10.789710752787888
Belgium,2020-05-01,49032,101,10.800228425165567
Belgium,2020-05-02,49517,102,10.810071323940141
Belgium,2020-05-03,49906,103,10.817896514992265
Belgium,2020-05-04,50267,104,10.825104077165632
Belgium,2020-05-05,50509,105,10.829906817206323
Belgium,2020-05-06,50781,106,10.835277547857206
Belgium,2020-05-07,51420,107,10.84778248081988
Belgium,2020-05-08,52011,108,10.859210513653997
Belgium,2020-05-09,52596,109,10.87039535020681
Belgium,2020-05-10,53081,110,10.879574327756249
Belgium,2020-05-11,53449,111,10.886483207204273
Brazil,2020-01-22,0,1,-inf
Brazil,2020-01-23,0,2,-inf
Brazil,2020-01-24,0,3,-inf
Brazil,2020-01-25,0,4,-inf
Brazil,2020-01-26,0,5,-inf
Brazil,2020-01-27,0,6,-inf
Brazil,2020-01-28,0,7,-inf
Brazil,2020-01-29,0,8,-inf
Brazil,2020-01-30,0,9,-inf
Brazil,2020-01-31,0,10,-inf
Brazil,2020-02-01,0,11,-inf
Brazil,2020-02-02,0,12,-inf
Brazil,2020-02-03,0,13,-inf
Brazil,2020-02-04,0,14,-inf
Brazil,2020-02-05,0,15,-inf
Brazil,2020-02-06,0,16,-inf
Brazil,2020-02-07,0,17,-inf
Brazil,2020-02-08,0,18,-inf
Brazil,2020-02-09,0,19,-inf
Brazil,2020-02-10,0,20,-inf
Brazil,2020-02-11,0,21,-inf
Brazil,2020-02-12,0,22,-inf
Brazil,2020-02-13,0,23,-inf
Brazil,2020-02-14,0,24,-inf
Brazil,2020-02-15,0,25,-inf
Brazil,2020-02-16,0,26,-inf
Brazil,2020-02-17,0,27,-inf
Brazil,2020-02-18,0,28,-inf
Brazil,2020-02-19,0,29,-inf
Brazil,2020-02-20,0,30,-inf
Brazil,2020-02-21,0,31,-inf
Brazil,2020-02-22,0,32,-inf
Brazil,2020-02-23,0,33,-inf
Brazil,2020-02-24,0,34,-inf
Brazil,2020-02-25,0,35,-inf
Brazil,2020-02-26,1,36,0.0
Brazil,2020-02-27,1,37,0.0
Brazil,2020-02-28,1,38,0.0
Brazil,2020-02-29,2,39,0.6931471805599453
Brazil,2020-03-01,2,40,0.6931471805599453
Brazil,2020-03-02,2,41,0.6931471805599453
Brazil,2020-03-03,2,42,0.6931471805599453
Brazil,2020-03-04,4,43,1.3862943611198906
Brazil,2020-03-05,4,44,1.3862943611198906
Brazil,2020-03-06,13,45,2.5649493574615367
Brazil,2020-03-07,13,46,2.5649493574615367
Brazil,2020-03-08,20,47,2.995732273553991
Brazil,2020-03-09,25,48,3.2188758248682006
Brazil,2020-03-10,31,49,3.4339872044851463
Brazil,2020-03-11,38,50,3.6375861597263857
Brazil,2020-03-12,52,51,3.9512437185814275
Brazil,2020-03-13,151,52,5.017279836814924
Brazil,2020-03-14,151,53,5.017279836814924
Brazil,2020-03-15,162,54,5.087596335232384
Brazil,2020-03-16,200,55,5.298317366548036
Brazil,2020-03-17,321,56,5.771441123130016
Brazil,2020-03-18,372,57,5.918893854273146
Brazil,2020-03-19,621,58,6.431331081933479
Brazil,2020-03-20,793,59,6.675823221634848
Brazil,2020-03-21,1021,60,6.928537818164665
Brazil,2020-03-22,1546,61,7.343426229147367
Brazil,2020-03-23,1924,62,7.562161631225652
Brazil,2020-03-24,2247,63,7.717351272185329
Brazil,2020-03-25,2554,64,7.845416036592485
Brazil,2020-03-26,2985,65,8.001355025826703
Brazil,2020-03-27,3417,66,8.136518252115291
Brazil,2020-03-28,3904,67,8.269756947532983
Brazil,2020-03-29,4256,68,8.35608503102148
Brazil,2020-03-30,4579,69,8.429235912657095
Brazil,2020-03-31,5717,70,8.651199471263972
Brazil,2020-04-01,6836,71,8.829958044235482
Brazil,2020-04-02,8044,72,8.992681750892542
Brazil,2020-04-03,9056,73,9.111182800442965
Brazil,2020-04-04,10360,74,9.245707515813473
Brazil,2020-04-05,11130,75,9.31739944426959
Brazil,2020-04-06,12161,76,9.405989388981
Brazil,2020-04-07,14034,77,9.549238235812235
Brazil,2020-04-08,16170,78,9.690912952571152
Brazil,2020-04-09,18092,79,9.803225130597733
Brazil,2020-04-10,19638,80,9.885221743729236
Brazil,2020-04-11,20727,81,9.939192477156904
Brazil,2020-04-12,22192,82,10.007487142554613
Brazil,2020-04-13,23430,83,10.061772531501841
Brazil,2020-04-14,25262,84,10.13705656933392
Brazil,2020-04-15,28320,85,10.251323547807656
Brazil,2020-04-16,30425,86,10.323019917855728
Brazil,2020-04-17,33682,87,10.424718849016
Brazil,2020-04-18,36658,88,10.509386964531792
Brazil,2020-04-19,38654,89,10.562405541545413
Brazil,2020-04-20,40743,90,10.615039324772178
Brazil,2020-04-21,43079,91,10.670790918373239
Brazil,2020-04-22,45757,92,10.731100064464005
Brazil,2020-04-23,50036,93,10.820498025334633
Brazil,2020-04-24,54043,94,10.897535304967018
Brazil,2020-04-25,59324,95,10.990769224861854
Brazil,2020-04-26,63100,96,11.052476048529304
Brazil,2020-04-27,67446,97,11.119082556689852
Brazil,2020-04-28,73235,98,11.201428727752408
Brazil,2020-04-29,79685,99,11.285836641293734
Brazil,2020-04-30,87187,100,11.375810516214353
Brazil,2020-05-01,92202,101,11.431737101283387
Brazil,2020-05-02,97100,102,11.483496654279417
Brazil,2020-05-03,101826,103,11.53102075323932
Brazil,2020-05-04,108620,104,11.595610831588836
Brazil,2020-05-05,115455,105,11.656636122636527
Brazil,2020-05-06,126611,106,11.748874672753386
Brazil,2020-05-07,135773,107,11.8187396525423
Brazil,2020-05-08,146894,108,11.897466517216184
Brazil,2020-05-09,156061,109,11.958002235442097
Brazil,2020-05-10,162699,110,11.99965714690674
Brazil,2020-05-11,169594,111,12.041162624355655
Canada,2020-01-22,0,1,-inf
Canada,2020-01-23,0,2,-inf
Canada,2020-01-24,0,3,-inf
Canada,2020-01-25,0,4,-inf
Canada,2020-01-26,1,5,0.0
Canada,2020-01-27,1,6,0.0
Canada,2020-01-28,2,7,0.6931471805599453
Canada,2020-01-29,2,8,0.6931471805599453
Canada,2020-01-30,2,9,0.6931471805599453
Canada,2020-01-31,4,10,1.3862943611198906
Canada,2020-02-01,4,11,1.3862943611198906
Canada,2020-02-02,4,12,1.3862943611198906
Canada,2020-02-03,4,13,1.3862943611198906
Canada,2020-02-04,4,14,1.3862943611198906
Canada,2020-02-05,5,15,1.6094379124341003
Canada,2020-02-06,5,16,1.6094379124341003
Canada,2020-02-07,7,17,1.9459101490553132
Canada,2020-02-08,7,18,1.9459101490553132
Canada,2020-02-09,7,19,1.9459101490553132
Canada,2020-02-10,7,20,1.9459101490553132
Canada,2020-02-11,7,21,1.9459101490553132
Canada,2020-02-12,7,22,1.9459101490553132
Canada,2020-02-13,7,23,1.9459101490553132
Canada,2020-02-14,7,24,1.9459101490553132
Canada,2020-02-15,7,25,1.9459101490553132
Canada,2020-02-16,7,26,1.9459101490553132
Canada,2020-02-17,8,27,2.0794415416798357
Canada,2020-02-18,8,28,2.0794415416798357
Canada,2020-02-19,8,29,2.0794415416798357
Canada,2020-02-20,8,30,2.0794415416798357
Canada,2020-02-21,9,31,2.1972245773362196
Canada,2020-02-22,9,32,2.1972245773362196
Canada,2020-02-23,9,33,2.1972245773362196
Canada,2020-02-24,10,34,2.302585092994046
Canada,2020-02-25,11,35,2.3978952727983707
Canada,2020-02-26,11,36,2.3978952727983707
Canada,2020-02-27,13,37,2.5649493574615367
Canada,2020-02-28,14,38,2.6390573296152584
Canada,2020-02-29,20,39,2.995732273553991
Canada,2020-03-01,24,40,3.1780538303479458
Canada,2020-03-02,27,41,3.295836866004329
Canada,2020-03-03,30,42,3.4011973816621555
Canada,2020-03-04,33,43,3.4965075614664802
Canada,2020-03-05,37,44,3.6109179126442243
Canada,2020-03-06,49,45,3.8918202981106265
Canada,2020-03-07,54,46,3.9889840465642745
Canada,2020-03-08,64,47,4.1588830833596715
Canada,2020-03-09,77,48,4.343805421853684
Canada,2020-03-10,79,49,4.3694478524670215
Canada,2020-03-11,108,50,4.68213122712422
Canada,2020-03-12,117,51,4.762173934797756
Canada,2020-03-13,193,52,5.262690188904886
Canada,2020-03-14,198,53,5.288267030694535
Canada,2020-03-15,252,54,5.529429087511423
Canada,2020-03-16,415,55,6.028278520230698
Canada,2020-03-17,478,56,6.169610732491456
Canada,2020-03-18,657,57,6.48768401848461
Canada,2020-03-19,800,58,6.684611727667927
Canada,2020-03-20,943,59,6.849066282633458
Canada,2020-03-21,1277,60,7.152268856032539
Canada,2020-03-22,1469,61,7.292337176173877
Canada,2020-03-23,2088,62,7.643961949002529
Canada,2020-03-24,2790,63,7.933796874815411
Canada,2020-03-25,3251,64,8.086717920303906
Canada,2020-03-26,4042,65,8.304494897963567
Canada,2020-03-27,4682,66,8.451480648050856
Canada,2020-03-28,5576,67,8.62622695244036
Canada,2020-03-29,6280,68,8.745125259462244
Canada,2020-03-30,7398,69,8.908964972392399
Canada,2020-03-31,8527,70,9.050992878742049
Canada,2020-04-01,9560,71,9.165343006045447
Canada,2020-04-02,11284,72,9.331141072121888
Canada,2020-04-03,12437,73,9.42843117965374
Canada,2020-04-04,12978,74,9.471010895181113
Canada,2020-04-05,15756,75,9.664976524090797
Canada,2020-04-06,16563,76,9.714926570952155
Canada,2020-04-07,17872,77,9.790990521308983
Canada,2020-04-08,19141,78,9.859587910246109
Canada,2020-04-09,20654,79,9.935664284231349
Canada,2020-04-10,22059,80,10.001475960864331
Canada,2020-04-11,23316,81,10.056895099165441
Canada,2020-04-12,24299,82,10.098190476218488
Canada,2020-04-13,25680,83,10.153467757803897
Canada,2020-04-14,27035,84,10.204887601816106
Canada,2020-04-15,28209,85,10.247396354945186
Canada,2020-04-16,30809,86,10.335562134069491
Canada,2020-04-17,32814,87,10.398610532574828
Canada,2020-04-18,34356,88,10.444531954886115
Canada,2020-04-19,35633,89,10.481027453764323
Canada,2020-04-20,37658,90,10.536300694056374
Canada,2020-04-21,39402,91,10.581571855419028
Canada,2020-04-22,41663,92,10.637368723744101
Canada,2020-04-23,43299,93,10.675884819035673
Canada,2020-04-24,44919,94,10.712616146805829
Canada,2020-04-25,46371,95,10.744429542820429
Canada,2020-04-26,48033,96,10.779643553670164
Canada,2020-04-27,49616,97,10.81206864134023
Canada,2020-04-28,51150,98,10.842517771379773
Canada,2020-04-29,52865,99,10.875496773166628
Canada,2020-04-30,54457,100,10.905166678408571
Canada,2020-05-01,56343,101,10.939213288149046
Canada,2020-05-02,57926,102,10.966921612854625
Canada,2020-05-03,60504,103,11.010464757535866
Canada,2020-05-04,61957,104,11.03419587502419
Canada,2020-05-05,63215,105,11.054296893745999
Canada,2020-05-06,64694,106,11.077423740485525
Canada,2020-05-07,66201,107,11.10045084755119
Canada,2020-05-08,67674,108,11.122457337867973
Canada,2020-05-09,68918,109,11.140672671068161
Canada,2020-05-10,70091,110,11.157549676763116
Canada,2020-05-11,71264,111,11.174146570057093
China,2020-01-22,548,1,6.306275286948016
China,2020-01-23,643,2,6.466144724237619
China,2020-01-24,920,3,6.824373670043086
China,2020-01-25,1406,4,7.2485040723706105
China,2020-01-26,2075,5,7.637716432664798
China,2020-01-27,2877,6,7.964503363551548
China,2020-01-28,5509,7,8.614138397472717
China,2020-01-29,6087,8,8.713910628493924
China,2020-01-30,8141,9,9.004668301573977
China,2020-01-31,9802,10,9.190341725469493
China,2020-02-01,11891,11,9.38353709043758
China,2020-02-02,16630,12,9.718963572186974
China,2020-02-03,19716,13,9.889185767825268
China,2020-02-04,23707,14,10.073525642163233
China,2020-02-05,27440,15,10.219757081839822
China,2020-02-06,30587,16,10.32833036107053
China,2020-02-07,34110,17,10.437345875412692
China,2020-02-08,36814,18,10.513633486592667
China,2020-02-09,39829,19,10.592350569157022
China,2020-02-10,42354,20,10.653818146623527
China,2020-02-11,44386,21,10.700679383382674
China,2020-02-12,44759,22,10.70904782080006
China,2020-02-13,59895,23,11.000348308165432
China,2020-02-14,66358,24,11.102819605212469
China,2020-02-15,68413,25,11.13331814403135
China,2020-02-16,70513,26,11.163552368964414
China,2020-02-17,72434,27,11.19043108139968
China,2020-02-18,74211,28,11.214667666146262
China,2020-02-19,74619,29,11.220150445452438
China,2020-02-20,75077,30,11.226269532523332
China,2020-02-21,75550,31,11.232549967700885
China,2020-02-22,77001,32,11.251573687764477
China,2020-02-23,77022,33,11.251846374312981
China,2020-02-24,77241,34,11.254685683118405
China,2020-02-25,77754,35,11.261305275663469
China,2020-02-26,78166,36,11.266590049379342
China,2020-02-27,78600,37,11.272126978417297
China,2020-02-28,78928,38,11.276291323473519
China,2020-02-29,79356,39,11.281699337462662
China,2020-03-01,79932,40,11.28893155220118
China,2020-03-02,80136,41,11.2914804702916
China,2020-03-03,80261,42,11.293039103249892
China,2020-03-04,80386,43,11.294595310651548
China,2020-03-05,80537,44,11.296471985139561
China,2020-03-06,80690,45,11.298369930842552
China,2020-03-07,80770,46,11.299360888436341
China,2020-03-08,80823,47,11.300016857468423
China,2020-03-09,80860,48,11.300474543194762
China,2020-03-10,80887,49,11.300808397921598
China,2020-03-11,80921,50,11.301228649089653
China,2020-03-12,80932,51,11.301364574899084
China,2020-03-13,80945,52,11.301525190675607
China,2020-03-14,80977,53,11.301920442715682
China,2020-03-15,81003,54,11.30224147000576
China,2020-03-16,81033,55,11.30261175809412
China,2020-03-17,81058,56,11.302920226796246
China,2020-03-18,81102,57,11.303462900711883
China,2020-03-19,81156,58,11.30412850736294
China,2020-03-20,81250,59,11.305286100191983
China,2020-03-21,81305,60,11.305962794259823
China,2020-03-22,81435,61,11.30756043500766
China,2020-03-23,81498,62,11.308333759050546
China,2020-03-24,81591,63,11.309474240751708
China,2020-03-25,81661,64,11.31033181069621
China,2020-03-26,81782,65,11.311812449476772
China,2020-03-27,81897,66,11.313217639133635
China,2020-03-28,81999,67,11.314462331050079
China,2020-03-29,82122,68,11.315961225439322
China,2020-03-30,82198,69,11.316886249848027
China,2020-03-31,82279,70,11.317871190071259
China,2020-04-01,82361,71,11.31886730288443
China,2020-04-02,82432,72,11.31972899002397
China,2020-04-03,82511,73,11.320686896768008
China,2020-04-04,82543,74,11.321074648660126
China,2020-04-05,82602,75,11.321789172290998
China,2020-04-06,82665,76,11.322551574985445
China,2020-04-07,82718,77,11.323192511500254
China,2020-04-08,82809,78,11.324292030118581
China,2020-04-09,82883,79,11.325185253749414
China,2020-04-10,82941,80,11.325884790636296
China,2020-04-11,83014,81,11.326764547253553
China,2020-04-12,83134,82,11.328209042774
China,2020-04-13,83213,83,11.32915886460354
China,2020-04-14,83306,84,11.330275854372509
China,2020-04-15,83356,85,11.33087587119098
China,2020-04-16,83403,86,11.331439558922911
China,2020-04-17,83760,87,11.335710845544419
China,2020-04-18,83787,88,11.336033143171159
China,2020-04-19,83805,89,11.33624795056136
China,2020-04-20,83817,90,11.336391129857876
China,2020-04-21,83853,91,11.336820544786644
China,2020-04-22,83868,92,11.33699941326513
China,2020-04-23,83884,93,11.33719017105101
China,2020-04-24,83899,94,11.337368973433135
China,2020-04-25,83909,95,11.337488157262413
China,2020-04-26,83912,96,11.33752390964144
China,2020-04-27,83918,97,11.337595410565024
China,2020-04-28,83940,98,11.337857536887581
China,2020-04-29,83944,99,11.337905188837746
China,2020-04-30,83956,100,11.338048131065507
China,2020-05-01,83959,101,11.3380838634301
China,2020-05-02,83959,102,11.3380838634301
China,2020-05-03,83964,103,11.338143414533898
China,2020-05-04,83966,104,11.338167233982478
China,2020-05-05,83968,105,11.338191052863706
China,2020-05-06,83970,106,11.338214871177609
China,2020-05-07,83975,107,11.338274414480493
China,2020-05-08,83976,108,11.338286322715634
China,2020-05-09,83990,109,11.338453023119673
China,2020-05-10,84010,110,11.338691118358893
China,2020-05-11,84011,111,11.338703021632888
France,2020-01-22,0,1,-inf
France,2020-01-23,0,2,-inf
France,2020-01-24,2,3,0.6931471805599453
France,2020-01-25,3,4,1.0986122886681098
France,2020-01-26,3,5,1.0986122886681098
France,2020-01-27,3,6,1.0986122886681098
France,2020-01-28,4,7,1.3862943611198906
France,2020-01-29,5,8,1.6094379124341003
France,2020-01-30,5,9,1.6094379124341003
France,2020-01-31,5,10,1.6094379124341003
France,2020-02-01,6,11,1.791759469228055
France,2020-02-02,6,12,1.791759469228055
France,2020-02-03,6,13,1.791759469228055
France,2020-02-04,6,14,1.791759469228055
France,2020-02-05,6,15,1.791759469228055
France,2020-02-06,6,16,1.791759469228055
France,2020-02-07,6,17,1.791759469228055
France,2020-02-08,11,18,2.3978952727983707
France,2020-02-09,11,19,2.3978952727983707
France,2020-02-10,11,20,2.3978952727983707
France,2020-02-11,11,21,2.3978952727983707
France,2020-02-12,11,22,2.3978952727983707
France,2020-02-13,11,23,2.3978952727983707
France,2020-02-14,11,24,2.3978952727983707
France,2020-02-15,12,25,2.4849066497880004
France,2020-02-16,12,26,2.4849066497880004
France,2020-02-17,12,27,2.4849066497880004
France,2020-02-18,12,28,2.4849066497880004
France,2020-02-19,12,29,2.4849066497880004
France,2020-02-20,12,30,2.4849066497880004
France,2020-02-21,12,31,2.4849066497880004
France,2020-02-22,12,32,2.4849066497880004
France,2020-02-23,12,33,2.4849066497880004
France,2020-02-24,12,34,2.4849066497880004
France,2020-02-25,14,35,2.6390573296152584
France,2020-02-26,18,36,2.8903717578961645
France,2020-02-27,38,37,3.6375861597263857
France,2020-02-28,57,38,4.04305126783455
France,2020-02-29,100,39,4.605170185988092
France,2020-03-01,130,40,4.867534450455582
France,2020-03-02,191,41,5.25227342804663
France,2020-03-03,204,42,5.318119993844216
France,2020-03-04,288,43,5.662960480135946
France,2020-03-05,380,44,5.940171252720432
France,2020-03-06,656,45,6.486160788944089
France,2020-03-07,959,46,6.8658910748834385
France,2020-03-08,1136,47,7.035268599281097
France,2020-03-09,1219,48,7.105786129481271
France,2020-03-10,1794,49,7.492203042618741
France,2020-03-11,2293,50,7.737616282857904
France,2020-03-12,2293,51,7.737616282857904
France,2020-03-13,3681,52,8.210939733379021
France,2020-03-14,4496,53,8.410943391573527
France,2020-03-15,4532,54,8.418918622147897
France,2020-03-16,6683,55,8.80732226751107
France,2020-03-17,7715,56,8.950921764797261
France,2020-03-18,9124,57,9.11866358340428
France,2020-03-19,10970,58,9.302919553269277
France,2020-03-20,12758,59,9.4539138048019
France,2020-03-21,14463,60,9.579348943073732
France,2020-03-22,16243,61,9.695417325719395
France,2020-03-23,20123,62,9.909618718466369
France,2020-03-24,22622,63,10.026678163091326
France,2020-03-25,25600,64,10.150347630467653
France,2020-03-26,29551,65,10.293872863209199
France,2020-03-27,33402,66,10.416371057411563
France,2020-03-28,38105,67,10.548100786100218
France,2020-03-29,40708,68,10.614179912311823
France,2020-03-30,45170,69,10.71818842864865
France,2020-03-31,52827,70,10.874777702628888
France,2020-04-01,57749,71,10.9638613122168
France,2020-04-02,59929,72,11.000915807179194
France,2020-04-03,65202,73,11.085245422290907
France,2020-04-04,69500,74,11.149082031552883
France,2020-04-05,71412,75,11.176221201432853
France,2020-04-06,75343,76,11.229806299938259
France,2020-04-07,79163,77,11.279264296926641
France,2020-04-08,83057,78,11.32728239806388
France,2020-04-09,87366,79,11.37786146993896
France,2020-04-10,91738,80,11.426691967172298
France,2020-04-11,94863,81,11.460189024484942
France,2020-04-12,121712,82,11.709412877237082
France,2020-04-13,125394,83,11.739216059146306
France,2020-04-14,130365,84,11.778093487539671
France,2020-04-15,133585,85,11.80249325833222
France,2020-04-16,146075,86,11.891875467422638
France,2020-04-17,148084,87,11.905534959308266
France,2020-04-18,148086,88,11.905548465065095
France,2020-04-19,153011,89,11.938265093215056
France,2020-04-20,155393,90,11.953712670856081
France,2020-04-21,158168,91,11.971413038254717
France,2020-04-22,155980,92,11.95748307288449
France,2020-04-23,158303,93,11.97226619704771
France,2020-04-24,159952,94,11.982629049206961
France,2020-04-25,161644,95,11.993151665236137
France,2020-04-26,162220,96,11.996708717624335
France,2020-04-27,165963,97,12.019520150928399
France,2020-04-28,169053,98,12.037967554207496
France,2020-04-29,166543,99,12.02300881331797
France,2020-04-30,167299,100,12.02753790967074
France,2020-05-01,167305,101,12.027573772959885
France,2020-05-02,168518,102,12.034797847994993
France,2020-05-03,168925,103,12.037210108420375
France,2020-05-04,169583,104,12.041097761466935
France,2020-05-05,170687,105,12.047586748881855
France,2020-05-06,174224,106,12.068097106585842
France,2020-05-07,174918,107,12.072072571663183
France,2020-05-08,176202,108,12.079386343157594
France,2020-05-09,176782,109,12.082672614047944
France,2020-05-10,177094,110,12.084435944032698
France,2020-05-11,177547,111,12.086990641579654
Germany,2020-01-22,0,1,-inf
Germany,2020-01-23,0,2,-inf
Germany,2020-01-24,0,3,-inf
Germany,2020-01-25,0,4,-inf
Germany,2020-01-26,0,5,-inf
Germany,2020-01-27,1,6,0.0
Germany,2020-01-28,4,7,1.3862943611198906
Germany,2020-01-29,4,8,1.3862943611198906
Germany,2020-01-30,4,9,1.3862943611198906
Germany,2020-01-31,5,10,1.6094379124341003
Germany,2020-02-01,8,11,2.0794415416798357
Germany,2020-02-02,10,12,2.302585092994046
Germany,2020-02-03,12,13,2.4849066497880004
Germany,2020-02-04,12,14,2.4849066497880004
Germany,2020-02-05,12,15,2.4849066497880004
Germany,2020-02-06,12,16,2.4849066497880004
Germany,2020-02-07,13,17,2.5649493574615367
Germany,2020-02-08,13,18,2.5649493574615367
Germany,2020-02-09,14,19,2.6390573296152584
Germany,2020-02-10,14,20,2.6390573296152584
Germany,2020-02-11,16,21,2.772588722239781
Germany,2020-02-12,16,22,2.772588722239781
Germany,2020-02-13,16,23,2.772588722239781
Germany,2020-02-14,16,24,2.772588722239781
Germany,2020-02-15,16,25,2.772588722239781
Germany,2020-02-16,16,26,2.772588722239781
Germany,2020-02-17,16,27,2.772588722239781
Germany,2020-02-18,16,28,2.772588722239781
Germany,2020-02-19,16,29,2.772588722239781
Germany,2020-02-20,16,30,2.772588722239781
Germany,2020-02-21,16,31,2.772588722239781
Germany,2020-02-22,16,32,2.772588722239781
Germany,2020-02-23,16,33,2.772588722239781
Germany,2020-02-24,16,34,2.772588722239781
Germany,2020-02-25,17,35,2.833213344056216
Germany,2020-02-26,27,36,3.295836866004329
Germany,2020-02-27,46,37,3.828641396489095
Germany,2020-02-28,48,38,3.871201010907891
Germany,2020-02-29,79,39,4.3694478524670215
Germany,2020-03-01,130,40,4.867534450455582
Germany,2020-03-02,159,41,5.0689042022202315
Germany,2020-03-03,196,42,5.278114659230517
Germany,2020-03-04,262,43,5.568344503761097
Germany,2020-03-05,482,44,6.1779441140506
Germany,2020-03-06,670,45,6.507277712385012
Germany,2020-03-07,799,46,6.683360945766275
Germany,2020-03-08,1040,47,6.946975992135418
Germany,2020-03-09,1176,48,7.069874128458572
Germany,2020-03-10,1457,49,7.284134806195205
Germany,2020-03-11,1908,50,7.553810852008231
Germany,2020-03-12,2078,51,7.639161171659173
Germany,2020-03-13,3675,52,8.209308411646937
Germany,2020-03-14,4585,53,8.430545384690566
Germany,2020-03-15,5795,54,8.664750755773852
Germany,2020-03-16,7272,55,8.891786635857315
Germany,2020-03-17,9257,56,9.133135301067211
Germany,2020-03-18,12327,57,9.41954725755152
Germany,2020-03-19,15320,58,9.636914443294582
Germany,2020-03-20,19848,59,9.895858525371636
Germany,2020-03-21,22213,60,10.008432982057622
Germany,2020-03-22,24873,61,10.121538156784329
Germany,2020-03-23,29056,62,10.27698028140102
Germany,2020-03-24,32986,63,10.403838508008098
Germany,2020-03-25,37323,64,10.527365037582602
Germany,2020-03-26,43938,65,10.690534828289124
Germany,2020-03-27,50871,66,10.837048295575237
Germany,2020-03-28,57695,67,10.962925793628768
Germany,2020-03-29,62095,68,11.036420749382133
Germany,2020-03-30,66885,69,11.110730005729687
Germany,2020-03-31,71808,70,11.181751169442313
Germany,2020-04-01,77872,71,11.262821732073235
Germany,2020-04-02,84794,72,11.34798006455978
Germany,2020-04-03,91159,73,11.42036051357589
Germany,2020-04-04,96092,74,11.473061344875086
Germany,2020-04-05,100123,75,11.514154709139946
Germany,2020-04-06,103374,76,11.546108758760461
Germany,2020-04-07,107663,77,11.58676125722922
Germany,2020-04-08,113296,78,11.637759141891555
Germany,2020-04-09,118181,79,11.679972626532507
Germany,2020-04-10,122171,80,11.71317698168015
Germany,2020-04-11,124908,81,11.735332745303468
Germany,2020-04-12,127854,82,11.758644266893974
Germany,2020-04-13,130072,83,11.775843422275392
Germany,2020-04-14,131359,84,11.7856893119898
Germany,2020-04-15,134753,85,11.811198751974251
Germany,2020-04-16,137698,86,11.832818160283017
Germany,2020-04-17,141397,87,11.859326815812183
Germany,2020-04-18,143342,88,11.872988662289973
Germany,2020-04-19,145184,89,11.88575718246369
Germany,2020-04-20,147065,90,11.898629944900238
Germany,2020-04-21,148291,91,11.906931838489434
Germany,2020-04-22,150648,92,11.922701268665477
Germany,2020-04-23,153129,93,11.939035982388923
Germany,2020-04-24,154999,94,11.95117394426767
Germany,2020-04-25,156513,95,11.960894352605116
Germany,2020-04-26,157770,96,11.9688935552515
Germany,2020-04-27,158758,97,11.975136309186006
Germany,2020-04-28,159912,98,11.982378942910483
Germany,2020-04-29,161539,99,11.992501878559892
Germany,2020-04-30,163009,100,12.00156069298855
Germany,2020-05-01,164077,101,12.008091108815094
Germany,2020-05-02,164967,102,12.01350073288005
Germany,2020-05-03,165664,103,12.017716919701629
Germany,2020-05-04,166152,104,12.02065831102597
Germany,2020-05-05,167007,105,12.025791006688099
Germany,2020-05-06,168162,106,12.032683079474875
Germany,2020-05-07,169430,107,12.040195141152152
Germany,2020-05-08,170588,108,12.04700657158919
Germany,2020-05-09,171324,109,12.05131177957722
Germany,2020-05-10,171879,110,12.05454601985944
Germany,2020-05-11,172576,111,12.058592998136954
India,2020-01-22,0,1,-inf
India,2020-01-23,0,2,-inf
India,2020-01-24,0,3,-inf
India,2020-01-25,0,4,-inf
India,2020-01-26,0,5,-inf
India,2020-01-27,0,6,-inf
India,2020-01-28,0,7,-inf
India,2020-01-29,0,8,-inf
India,2020-01-30,1,9,0.0
India,2020-01-31,1,10,0.0
India,2020-02-01,1,11,0.0
India,2020-02-02,2,12,0.6931471805599453
India,2020-02-03,3,13,1.0986122886681098
India,2020-02-04,3,14,1.0986122886681098
India,2020-02-05,3,15,1.0986122886681098
India,2020-02-06,3,16,1.0986122886681098
India,2020-02-07,3,17,1.0986122886681098
India,2020-02-08,3,18,1.0986122886681098
India,2020-02-09,3,19,1.0986122886681098
India,2020-02-10,3,20,1.0986122886681098
India,2020-02-11,3,21,1.0986122886681098
India,2020-02-12,3,22,1.0986122886681098
India,2020-02-13,3,23,1.0986122886681098
India,2020-02-14,3,24,1.0986122886681098
India,2020-02-15,3,25,1.0986122886681098
India,2020-02-16,3,26,1.0986122886681098
India,2020-02-17,3,27,1.0986122886681098
India,2020-02-18,3,28,1.0986122886681098
India,2020-02-19,3,29,1.0986122886681098
India,2020-02-20,3,30,1.0986122886681098
India,2020-02-21,3,31,1.0986122886681098
India,2020-02-22,3,32,1.0986122886681098
India,2020-02-23,3,33,1.0986122886681098
India,2020-02-24,3,34,1.0986122886681098
India,2020-02-25,3,35,1.0986122886681098
India,2020-02-26,3,36,1.0986122886681098
India,2020-02-27,3,37,1.0986122886681098
India,2020-02-28,3,38,1.0986122886681098
India,2020-02-29,3,39,1.0986122886681098
India,2020-03-01,3,40,1.0986122886681098
India,2020-03-02,5,41,1.6094379124341003
India,2020-03-03,5,42,1.6094379124341003
India,2020-03-04,28,43,3.332204510175204
India,2020-03-05,30,44,3.4011973816621555
India,2020-03-06,31,45,3.4339872044851463
India,2020-03-07,34,46,3.5263605246161616
India,2020-03-08,39,47,3.6635616461296463
India,2020-03-09,43,48,3.7612001156935624
India,2020-03-10,56,49,4.02535169073515
India,2020-03-11,62,50,4.127134385045092
India,2020-03-12,73,51,4.290459441148391
India,2020-03-13,82,52,4.406719247264253
India,2020-03-14,102,53,4.624972813284271
India,2020-03-15,113,54,4.727387818712341
India,2020-03-16,119,55,4.77912349311153
India,2020-03-17,142,56,4.955827057601261
India,2020-03-18,156,57,5.049856007249537
India,2020-03-19,194,58,5.267858159063328
India,2020-03-20,244,59,5.497168225293202
India,2020-03-21,330,60,5.799092654460526
India,2020-03-22,396,61,5.981414211254481
India,2020-03-23,499,62,6.212606095751519
India,2020-03-24,536,63,6.284134161070802
India,2020-03-25,657,64,6.48768401848461
India,2020-03-26,727,65,6.588926477533519
India,2020-03-27,887,66,6.787844982309579
India,2020-03-28,987,67,6.894670039433482
India,2020-03-29,1024,68,6.931471805599453
India,2020-03-30,1251,69,7.1316985104669115
India,2020-03-31,1397,70,7.242082359256962
India,2020-04-01,1998,71,7.599901959208498
India,2020-04-02,2543,72,7.841099765422119
India,2020-04-03,2567,73,7.8504931808711405
India,2020-04-04,3082,74,8.033334015880062
India,2020-04-05,3588,75,8.185350223178686
India,2020-04-06,4778,76,8.471777327885755
India,2020-04-07,5311,77,8.577535420422398
India,2020-04-08,5916,78,8.68541582383069
India,2020-04-09,6725,79,8.81358720447004
India,2020-04-10,7598,80,8.935640333747571
India,2020-04-11,8446,81,9.041448235493888
India,2020-04-12,9205,82,9.127502093667179
India,2020-04-13,10453,83,9.254644297532707
India,2020-04-14,11487,84,9.348971240145405
India,2020-04-15,12322,85,9.419141561574516
India,2020-04-16,13430,86,9.505246289517283
India,2020-04-17,14352,87,9.571644584298577
India,2020-04-18,15722,88,9.662816284353703
India,2020-04-19,17615,89,9.776506090775339
India,2020-04-20,18539,90,9.827631900232593
India,2020-04-21,20080,91,9.907479573805665
India,2020-04-22,21370,92,9.969743348313193
India,2020-04-23,23077,93,10.046591729504579
India,2020-04-24,24530,94,10.107652137252535
India,2020-04-25,26283,95,10.176677621334473
India,2020-04-26,27890,96,10.236023480621535
India,2020-04-27,29451,97,10.290483144360632
India,2020-04-28,31324,98,10.352139855870828
India,2020-04-29,33062,99,10.406139865612957
India,2020-04-30,34863,100,10.459181373890983
India,2020-05-01,37257,101,10.525595125616142
India,2020-05-02,39699,102,10.589081277441158
India,2020-05-03,42505,103,10.65737699505146
India,2020-05-04,46437,104,10.745851834241988
India,2020-05-05,49400,105,10.807705703176014
India,2020-05-06,52987,106,10.877801879428592
India,2020-05-07,56351,107,10.939355265539387
India,2020-05-08,59695,108,10.997003543779488
India,2020-05-09,62808,109,11.047837732878092
India,2020-05-10,67161,110,11.114848000895991
India,2020-05-11,70768,111,11.167162200108107
Iran,2020-01-22,0,1,-inf
Iran,2020-01-23,0,2,-inf
Iran,2020-01-24,0,3,-inf
Iran,2020-01-25,0,4,-inf
Iran,2020-01-26,0,5,-inf
Iran,2020-01-27,0,6,-inf
Iran,2020-01-28,0,7,-inf
Iran,2020-01-29,0,8,-inf
Iran,2020-01-30,0,9,-inf
Iran,2020-01-31,0,10,-inf
Iran,2020-02-01,0,11,-inf
Iran,2020-02-02,0,12,-inf
Iran,2020-02-03,0,13,-inf
Iran,2020-02-04,0,14,-inf
Iran,2020-02-05,0,15,-inf
Iran,2020-02-06,0,16,-inf
Iran,2020-02-07,0,17,-inf
Iran,2020-02-08,0,18,-inf
Iran,2020-02-09,0,19,-inf
Iran,2020-02-10,0,20,-inf
Iran,2020-02-11,0,21,-inf
Iran,2020-02-12,0,22,-inf
Iran,2020-02-13,0,23,-inf
Iran,2020-02-14,0,24,-inf
Iran,2020-02-15,0,25,-inf
Iran,2020-02-16,0,26,-inf
Iran,2020-02-17,0,27,-inf
Iran,2020-02-18,0,28,-inf
Iran,2020-02-19,2,29,0.6931471805599453
Iran,2020-02-20,5,30,1.6094379124341003
Iran,2020-02-21,18,31,2.8903717578961645
Iran,2020-02-22,28,32,3.332204510175204
Iran,2020-02-23,43,33,3.7612001156935624
Iran,2020-02-24,61,34,4.110873864173311
Iran,2020-02-25,95,35,4.553876891600541
Iran,2020-02-26,139,36,4.9344739331306915
Iran,2020-02-27,245,37,5.501258210544727
Iran,2020-02-28,388,38,5.961005339623274
Iran,2020-02-29,593,39,6.385194398997726
Iran,2020-03-01,978,40,6.885509670034818
Iran,2020-03-02,1501,41,7.313886831633462
Iran,2020-03-03,2336,42,7.756195343948118
Iran,2020-03-04,2922,43,7.980023592310645
Iran,2020-03-05,3513,44,8.164225652265827
Iran,2020-03-06,4747,45,8.465268118551318
Iran,2020-03-07,5823,46,8.66957087183712
Iran,2020-03-08,6566,47,8.789660098061537
Iran,2020-03-09,7161,48,8.87640491500694
Iran,2020-03-10,8042,49,8.992433087457218
Iran,2020-03-11,9000,50,9.104979856318357
Iran,2020-03-12,10075,51,9.217812386814884
Iran,2020-03-13,11364,52,9.338205742974079
Iran,2020-03-14,12729,53,9.451638133870434
Iran,2020-03-15,13938,54,9.542374201998465
Iran,2020-03-16,14991,55,9.615205300012315
Iran,2020-03-17,16169,56,9.690851107739814
Iran,2020-03-18,17361,57,9.761981590241948
Iran,2020-03-19,18407,58,9.820486306032722
Iran,2020-03-20,19644,59,9.885527227159136
Iran,2020-03-21,20610,60,9.933531673884504
Iran,2020-03-22,21638,61,9.98220630724752
Iran,2020-03-23,23049,62,10.045377663535744
Iran,2020-03-24,24811,63,10.119042382201663
Iran,2020-03-25,27017,64,10.204221576482523
Iran,2020-03-26,29406,65,10.288954014137602
Iran,2020-03-27,32332,66,10.383812730853736
Iran,2020-03-28,35408,67,10.47469306229083
Iran,2020-03-29,38309,68,10.553440134508799
Iran,2020-03-30,41495,69,10.633328217032549
Iran,2020-03-31,44605,70,10.705601239347883
Iran,2020-04-01,47593,71,10.770440970581772
Iran,2020-04-02,50468,72,10.829094751047633
Iran,2020-04-03,53183,73,10.881494075390936
Iran,2020-04-04,55743,74,10.928507120900864
Iran,2020-04-05,58226,75,10.97208726935817
Iran,2020-04-06,60500,76,11.010398644018933
Iran,2020-04-07,62589,77,11.044344822797983
Iran,2020-04-08,64586,78,11.075752948017643
Iran,2020-04-09,66220,79,11.100737811101236
Iran,2020-04-10,68192,80,11.130082534898344
Iran,2020-04-11,70029,81,11.156664720953149
Iran,2020-04-12,71686,82,11.180050749502858
Iran,2020-04-13,73303,83,11.202356814731635
Iran,2020-04-14,74877,84,11.223602046246322
Iran,2020-04-15,76389,85,11.24359398573104
Iran,2020-04-16,77995,86,11.26440000105297
Iran,2020-04-17,79494,87,11.283436826096178
Iran,2020-04-18,80868,88,11.300573474734218
Iran,2020-04-19,82211,89,11.317044392042519
Iran,2020-04-20,83505,90,11.332661789285718
Iran,2020-04-21,84802,91,11.348074406407536
Iran,2020-04-22,85996,92,11.362056062526039
Iran,2020-04-23,87026,93,11.373962203564496
Iran,2020-04-24,88194,94,11.387294212470042
Iran,2020-04-25,89328,95,11.400070267550142
Iran,2020-04-26,90481,96,11.412895162895152
Iran,2020-04-27,91472,97,11.423788193503752
Iran,2020-04-28,92584,98,11.435871619527914
Iran,2020-04-29,93657,99,11.447394451475018
Iran,2020-04-30,94640,100,11.457835498652269
Iran,2020-05-01,95646,101,11.468409154861702
Iran,2020-05-02,96448,102,11.476759281986167
Iran,2020-05-03,97424,103,11.486827865848355
Iran,2020-05-04,98647,104,11.49930310044603
Iran,2020-05-05,99970,105,11.512625419961227
Iran,2020-05-06,101650,106,11.529290819056493
Iran,2020-05-07,103135,107,11.543794088632694
Iran,2020-05-08,104691,108,11.558768433278479
Iran,2020-05-09,106220,109,11.57326769397639
Iran,2020-05-10,107603,110,11.586203807362045
Iran,2020-05-11,109286,111,11.601723578129027
Italy,2020-01-22,0,1,-inf
Italy,2020-01-23,0,2,-inf
Italy,2020-01-24,0,3,-inf
Italy,2020-01-25,0,4,-inf
Italy,2020-01-26,0,5,-inf
Italy,2020-01-27,0,6,-inf
Italy,2020-01-28,0,7,-inf
Italy,2020-01-29,0,8,-inf
Italy,2020-01-30,0,9,-inf
Italy,2020-01-31,2,10,0.6931471805599453
Italy,2020-02-01,2,11,0.6931471805599453
Italy,2020-02-02,2,12,0.6931471805599453
Italy,2020-02-03,2,13,0.6931471805599453
Italy,2020-02-04,2,14,0.6931471805599453
Italy,2020-02-05,2,15,0.6931471805599453
Italy,2020-02-06,2,16,0.6931471805599453
Italy,2020-02-07,3,17,1.0986122886681098
Italy,2020-02-08,3,18,1.0986122886681098
Italy,2020-02-09,3,19,1.0986122886681098
Italy,2020-02-10,3,20,1.0986122886681098
Italy,2020-02-11,3,21,1.0986122886681098
Italy,2020-02-12,3,22,1.0986122886681098
Italy,2020-02-13,3,23,1.0986122886681098
Italy,2020-02-14,3,24,1.0986122886681098
Italy,2020-02-15,3,25,1.0986122886681098
Italy,2020-02-16,3,26,1.0986122886681098
Italy,2020-02-17,3,27,1.0986122886681098
Italy,2020-02-18,3,28,1.0986122886681098
Italy,2020-02-19,3,29,1.0986122886681098
Italy,2020-02-20,3,30,1.0986122886681098
Italy,2020-02-21,20,31,2.995732273553991
Italy,2020-02-22,62,32,4.127134385045092
Italy,2020-02-23,155,33,5.043425116919247
Italy,2020-02-24,229,34,5.43372200355424
Italy,2020-02-25,322,35,5.7745515455444085
Italy,2020-02-26,453,36,6.115892125483034
Italy,2020-02-27,655,37,6.484635235635252
Italy,2020-02-28,888,38,6.78897174299217
Italy,2020-02-29,1128,39,7.028201432058005
Italy,2020-03-01,1694,40,7.434847875211999
Italy,2020-03-02,2036,41,7.618742377670413
Italy,2020-03-03,2502,42,7.824845691026856
Italy,2020-03-04,3089,43,8.035602692918582
Italy,2020-03-05,3858,44,8.257904193465674
Italy,2020-03-06,4636,45,8.441607204459642
Italy,2020-03-07,5883,46,8.679822114864455
Italy,2020-03-08,7375,47,8.905851181208021
Italy,2020-03-09,9172,48,9.123910643977796
Italy,2020-03-10,10149,49,9.225130457448818
Italy,2020-03-11,12462,50,9.430439293104167
Italy,2020-03-12,12462,51,9.430439293104167
Italy,2020-03-13,17660,52,9.77905747415795
Italy,2020-03-14,21157,53,9.959726098983317
Italy,2020-03-15,24747,54,10.11645954852884
Italy,2020-03-16,27980,55,10.239245248219472
Italy,2020-03-17,31506,56,10.357933282865915
Italy,2020-03-18,35713,57,10.483270047141055
Italy,2020-03-19,41035,58,10.622180640063812
Italy,2020-03-20,47021,59,10.758349589413635
Italy,2020-03-21,53578,60,10.88889381504096
Italy,2020-03-22,59138,61,10.987628974775781
Italy,2020-03-23,63927,62,11.065497086334029
Italy,2020-03-24,69176,63,11.144409260640266
Italy,2020-03-25,74386,64,11.217023031071593
Italy,2020-03-26,80589,65,11.297117442754166
Italy,2020-03-27,86498,66,11.367876571265384
Italy,2020-03-28,92472,67,11.434661174974103
Italy,2020-03-29,97689,68,11.489544242132316
Italy,2020-03-30,101739,69,11.53016598935263
Italy,2020-03-31,105792,70,11.569230181180696
Italy,2020-04-01,110574,71,11.613440259060091
Italy,2020-04-02,115242,72,11.654789544132907
Italy,2020-04-03,119827,73,11.693804314896258
Italy,2020-04-04,124632,74,11.733120674192264
Italy,2020-04-05,128948,75,11.767164501301657
Italy,2020-04-06,132547,76,11.79469257849235
Italy,2020-04-07,135586,77,11.81736140432056
Italy,2020-04-08,139422,78,11.845260584081668
Italy,2020-04-09,143626,79,11.87496797770297
Italy,2020-04-10,147577,80,11.902105352448023
Italy,2020-04-11,152271,81,11.933417107095016
Italy,2020-04-12,156363,82,11.959935506215542
Italy,2020-04-13,159516,83,11.9798995096556
Italy,2020-04-14,162488,84,11.998359431871322
Italy,2020-04-15,165155,85,12.014639705867756
Italy,2020-04-16,168941,86,12.037304820525245
Italy,2020-04-17,172434,87,12.057769833544517
Italy,2020-04-18,175925,88,12.07781304683475
Italy,2020-04-19,178972,89,12.094984648006285
Italy,2020-04-20,181228,90,12.107511186039511
Italy,2020-04-21,183957,91,12.122457313627864
Italy,2020-04-22,187327,92,12.140611031807039
Italy,2020-04-23,189973,93,12.154637235781555
Italy,2020-04-24,192994,94,12.170414379320876
Italy,2020-04-25,195351,95,12.182553219487263
Italy,2020-04-26,197675,96,12.194379546939128
Italy,2020-04-27,199414,97,12.20313834467712
Italy,2020-04-28,201505,98,12.213569473956797
Italy,2020-04-29,203591,99,12.223868358359265
Italy,2020-04-30,205463,100,12.233021248045919
Italy,2020-05-01,207428,101,12.242539570486834
Italy,2020-05-02,209328,102,12.251657678750657
Italy,2020-05-03,210717,103,12.258271279973712
Italy,2020-05-04,211938,104,12.264049058051292
Italy,2020-05-05,213013,105,12.269108475692983
Italy,2020-05-06,214457,106,12.275864531053708
Italy,2020-05-07,215858,107,12.282376063071892
Italy,2020-05-08,217185,108,12.288504803883631
Italy,2020-05-09,218268,109,12.293478944527841
Italy,2020-05-10,219070,110,12.297146592429545
Italy,2020-05-11,219814,111,12.30053701319078
Peru,2020-01-22,0,1,-inf
Peru,2020-01-23,0,2,-inf
Peru,2020-01-24,0,3,-inf
Peru,2020-01-25,0,4,-inf
Peru,2020-01-26,0,5,-inf
Peru,2020-01-27,0,6,-inf
Peru,2020-01-28,0,7,-inf
Peru,2020-01-29,0,8,-inf
Peru,2020-01-30,0,9,-inf
Peru,2020-01-31,0,10,-inf
Peru,2020-02-01,0,11,-inf
Peru,2020-02-02,0,12,-inf
Peru,2020-02-03,0,13,-inf
Peru,2020-02-04,0,14,-inf
Peru,2020-02-05,0,15,-inf
Peru,2020-02-06,0,16,-inf
Peru,2020-02-07,0,17,-inf
Peru,2020-02-08,0,18,-inf
Peru,2020-02-09,0,19,-inf
Peru,2020-02-10,0,20,-inf
Peru,2020-02-11,0,21,-inf
Peru,2020-02-12,0,22,-inf
Peru,2020-02-13,0,23,-inf
Peru,2020-02-14,0,24,-inf
Peru,2020-02-15,0,25,-inf
Peru,2020-02-16,0,26,-inf
Peru,2020-02-17,0,27,-inf
Peru,2020-02-18,0,28,-inf
Peru,2020-02-19,0,29,-inf
Peru,2020-02-20,0,30,-inf
Peru,2020-02-21,0,31,-inf
Peru,2020-02-22,0,32,-inf
Peru,2020-02-23,0,33,-inf
Peru,2020-02-24,0,34,-inf
Peru,2020-02-25,0,35,-inf
Peru,2020-02-26,0,36,-inf
Peru,2020-02-27,0,37,-inf
Peru,2020-02-28,0,38,-inf
Peru,2020-02-29,0,39,-inf
Peru,2020-03-01,0,40,-inf
Peru,2020-03-02,0,41,-inf
Peru,2020-03-03,0,42,-inf
Peru,2020-03-04,0,43,-inf
Peru,2020-03-05,0,44,-inf
Peru,2020-03-06,1,45,0.0
Peru,2020-03-07,1,46,0.0
Peru,2020-03-08,6,47,1.791759469228055
Peru,2020-03-09,7,48,1.9459101490553132
Peru,2020-03-10,11,49,2.3978952727983707
Peru,2020-03-11,11,50,2.3978952727983707
Peru,2020-03-12,15,51,2.70805020110221
Peru,2020-03-13,28,52,3.332204510175204
Peru,2020-03-14,38,53,3.6375861597263857
Peru,2020-03-15,43,54,3.7612001156935624
Peru,2020-03-16,86,55,4.454347296253507
Peru,2020-03-17,117,56,4.762173934797756
Peru,2020-03-18,145,57,4.976733742420574
Peru,2020-03-19,234,58,5.455321115357702
Peru,2020-03-20,234,59,5.455321115357702
Peru,2020-03-21,318,60,5.762051382780177
Peru,2020-03-22,363,61,5.8944028342648505
Peru,2020-03-23,395,62,5.978885764901122
Peru,2020-03-24,416,63,6.030685260261263
Peru,2020-03-25,480,64,6.173786103901937
Peru,2020-03-26,580,65,6.363028103540465
Peru,2020-03-27,635,66,6.453624998892692
Peru,2020-03-28,671,67,6.508769136971682
Peru,2020-03-29,852,68,6.747586526829315
Peru,2020-03-30,950,69,6.856461984594587
Peru,2020-03-31,1065,70,6.970730078143525
Peru,2020-04-01,1323,71,7.187657164114956
Peru,2020-04-02,1414,72,7.254177846456518
Peru,2020-04-03,1595,73,7.374629015218945
Peru,2020-04-04,1746,74,7.465082736399547
Peru,2020-04-05,2281,75,7.732369222284388
Peru,2020-04-06,2561,76,7.848153086199526
Peru,2020-04-07,2954,77,7.9909154630913255
Peru,2020-04-08,4342,78,8.376090350438238
Peru,2020-04-09,5256,79,8.567125560164447
Peru,2020-04-10,5897,80,8.682199026000504
Peru,2020-04-11,6848,81,8.831711917821577
Peru,2020-04-12,7519,82,8.925188429378027
Peru,2020-04-13,9784,83,9.188503677367008
Peru,2020-04-14,10303,84,9.240190393945069
Peru,2020-04-15,11475,85,9.347926034928745
Peru,2020-04-16,12491,86,9.43276366396591
Peru,2020-04-17,13489,87,9.50962981746968
Peru,2020-04-18,14420,88,9.57637141083894
Peru,2020-04-19,15628,89,9.656819456174961
Peru,2020-04-20,16325,90,9.700452954144632
Peru,2020-04-21,17837,91,9.789030230558303
Peru,2020-04-22,19250,92,9.86526633971593
Peru,2020-04-23,20914,93,9.948174070158535
Peru,2020-04-24,21648,94,9.982668350410568
Peru,2020-04-25,25331,95,10.139784221095251
Peru,2020-04-26,27517,96,10.222559274477174
Peru,2020-04-27,28699,97,10.264617557935098
Peru,2020-04-28,31190,98,10.347852809601848
Peru,2020-04-29,33931,99,10.432084329787237
Peru,2020-04-30,36976,100,10.518024332514162
Peru,2020-05-01,40459,101,10.608044394647637
Peru,2020-05-02,42534,102,10.658059035083072
Peru,2020-05-03,45928,103,10.734830231847473
Peru,2020-05-04,47372,104,10.765786615841385
Peru,2020-05-05,51189,105,10.843279944195375
Peru,2020-05-06,54817,106,10.91175564380625
Peru,2020-05-07,58526,107,10.977226378928215
Peru,2020-05-08,61847,108,11.032418872198015
Peru,2020-05-09,65015,109,11.08237329148542
Peru,2020-05-10,67307,110,11.11701952211103
Peru,2020-05-11,68822,111,11.139278740248583
Russia,2020-01-22,0,1,-inf
Russia,2020-01-23,0,2,-inf
Russia,2020-01-24,0,3,-inf
Russia,2020-01-25,0,4,-inf
Russia,2020-01-26,0,5,-inf
Russia,2020-01-27,0,6,-inf
Russia,2020-01-28,0,7,-inf
Russia,2020-01-29,0,8,-inf
Russia,2020-01-30,0,9,-inf
Russia,2020-01-31,2,10,0.6931471805599453
Russia,2020-02-01,2,11,0.6931471805599453
Russia,2020-02-02,2,12,0.6931471805599453
Russia,2020-02-03,2,13,0.6931471805599453
Russia,2020-02-04,2,14,0.6931471805599453
Russia,2020-02-05,2,15,0.6931471805599453
Russia,2020-02-06,2,16,0.6931471805599453
Russia,2020-02-07,2,17,0.6931471805599453
Russia,2020-02-08,2,18,0.6931471805599453
Russia,2020-02-09,2,19,0.6931471805599453
Russia,2020-02-10,2,20,0.6931471805599453
Russia,2020-02-11,2,21,0.6931471805599453
Russia,2020-02-12,2,22,0.6931471805599453
Russia,2020-02-13,2,23,0.6931471805599453
Russia,2020-02-14,2,24,0.6931471805599453
Russia,2020-02-15,2,25,0.6931471805599453
Russia,2020-02-16,2,26,0.6931471805599453
Russia,2020-02-17,2,27,0.6931471805599453
Russia,2020-02-18,2,28,0.6931471805599453
Russia,2020-02-19,2,29,0.6931471805599453
Russia,2020-02-20,2,30,0.6931471805599453
Russia,2020-02-21,2,31,0.6931471805599453
Russia,2020-02-22,2,32,0.6931471805599453
Russia,2020-02-23,2,33,0.6931471805599453
Russia,2020-02-24,2,34,0.6931471805599453
Russia,2020-02-25,2,35,0.6931471805599453
Russia,2020-02-26,2,36,0.6931471805599453
Russia,2020-02-27,2,37,0.6931471805599453
Russia,2020-02-28,2,38,0.6931471805599453
Russia,2020-02-29,2,39,0.6931471805599453
Russia,2020-03-01,2,40,0.6931471805599453
Russia,2020-03-02,3,41,1.0986122886681098
Russia,2020-03-03,3,42,1.0986122886681098
Russia,2020-03-04,3,43,1.0986122886681098
Russia,2020-03-05,4,44,1.3862943611198906
Russia,2020-03-06,13,45,2.5649493574615367
Russia,2020-03-07,13,46,2.5649493574615367
Russia,2020-03-08,17,47,2.833213344056216
Russia,2020-03-09,17,48,2.833213344056216
Russia,2020-03-10,20,49,2.995732273553991
Russia,2020-03-11,20,50,2.995732273553991
Russia,2020-03-12,28,51,3.332204510175204
Russia,2020-03-13,45,52,3.8066624897703196
Russia,2020-03-14,59,53,4.07753744390572
Russia,2020-03-15,63,54,4.143134726391533
Russia,2020-03-16,90,55,4.499809670330265
Russia,2020-03-17,114,56,4.736198448394496
Russia,2020-03-18,147,57,4.990432586778736
Russia,2020-03-19,199,58,5.293304824724492
Russia,2020-03-20,253,59,5.53338948872752
Russia,2020-03-21,306,60,5.723585101952381
Russia,2020-03-22,367,61,5.905361848054571
Russia,2020-03-23,438,62,6.082218910376446
Russia,2020-03-24,495,63,6.20455776256869
Russia,2020-03-25,658,64,6.489204931325317
Russia,2020-03-26,840,65,6.733401891837359
Russia,2020-03-27,1036,66,6.943122422819428
Russia,2020-03-28,1264,67,7.142036574706803
Russia,2020-03-29,1534,68,7.335633981927201
Russia,2020-03-30,1836,69,7.515344571180436
Russia,2020-03-31,2337,70,7.756623334538858
Russia,2020-04-01,2777,71,7.9291264873067995
Russia,2020-04-02,3548,72,8.17413934342947
Russia,2020-04-03,4149,73,8.330622620332868
Russia,2020-04-04,4731,74,8.461891875631148
Russia,2020-04-05,5389,75,8.592115117933497
Russia,2020-04-06,6343,76,8.755107121633896
Russia,2020-04-07,7497,77,8.922258219503062
Russia,2020-04-08,8672,78,9.067854723679428
Russia,2020-04-09,10131,79,9.223355309053677
Russia,2020-04-10,11917,80,9.385721231090805
Russia,2020-04-11,13584,81,9.516647908551128
Russia,2020-04-12,15770,82,9.665864679957084
Russia,2020-04-13,18328,83,9.816185224133331
Russia,2020-04-14,21102,84,9.957123101702038
Russia,2020-04-15,24490,85,10.106020149946213
Russia,2020-04-16,27938,86,10.237743048287497
Russia,2020-04-17,32008,87,10.373741150537072
Russia,2020-04-18,36793,88,10.513062888672096
Russia,2020-04-19,42853,89,10.665530933243835
Russia,2020-04-20,47121,90,10.760474040511141
Russia,2020-04-21,52763,91,10.87356546647324
Russia,2020-04-22,57999,92,10.968181048000611
Russia,2020-04-23,62773,93,11.047280323701445
Russia,2020-04-24,68622,94,11.13636846200927
Russia,2020-04-25,74588,95,11.219734915343984
Russia,2020-04-26,80949,96,11.30157460572497
Russia,2020-04-27,87147,97,11.37535162694775
Russia,2020-04-28,93558,98,11.44633684381294
Russia,2020-04-29,99399,99,11.506897332231887
Russia,2020-04-30,106498,100,11.57588148461256
Russia,2020-05-01,114431,101,11.64772730024063
Russia,2020-05-02,124054,102,11.728472233662561
Russia,2020-05-03,134687,103,11.810708846976329
Russia,2020-05-04,145268,104,11.886335591304682
Russia,2020-05-05,155370,105,11.953564648086047
Russia,2020-05-06,165929,106,12.019315265000934
Russia,2020-05-07,177160,107,12.084808558037135
Russia,2020-05-08,187859,108,12.143446960421382
Russia,2020-05-09,198676,109,12.19943063614163
Russia,2020-05-10,209688,110,12.25337599064604
Russia,2020-05-11,221344,111,12.307473331400312
Spain,2020-01-22,0,1,-inf
Spain,2020-01-23,0,2,-inf
Spain,2020-01-24,0,3,-inf
Spain,2020-01-25,0,4,-inf
Spain,2020-01-26,0,5,-inf
Spain,2020-01-27,0,6,-inf
Spain,2020-01-28,0,7,-inf
Spain,2020-01-29,0,8,-inf
Spain,2020-01-30,0,9,-inf
Spain,2020-01-31,0,10,-inf
Spain,2020-02-01,1,11,0.0
Spain,2020-02-02,1,12,0.0
Spain,2020-02-03,1,13,0.0
Spain,2020-02-04,1,14,0.0
Spain,2020-02-05,1,15,0.0
Spain,2020-02-06,1,16,0.0
Spain,2020-02-07,1,17,0.0
Spain,2020-02-08,1,18,0.0
Spain,2020-02-09,2,19,0.6931471805599453
Spain,2020-02-10,2,20,0.6931471805599453
Spain,2020-02-11,2,21,0.6931471805599453
Spain,2020-02-12,2,22,0.6931471805599453
Spain,2020-02-13,2,23,0.6931471805599453
Spain,2020-02-14,2,24,0.6931471805599453
Spain,2020-02-15,2,25,0.6931471805599453
Spain,2020-02-16,2,26,0.6931471805599453
Spain,2020-02-17,2,27,0.6931471805599453
Spain,2020-02-18,2,28,0.6931471805599453
Spain,2020-02-19,2,29,0.6931471805599453
Spain,2020-02-20,2,30,0.6931471805599453
Spain,2020-02-21,2,31,0.6931471805599453
Spain,2020-02-22,2,32,0.6931471805599453
Spain,2020-02-23,2,33,0.6931471805599453
Spain,2020-02-24,2,34,0.6931471805599453
Spain,2020-02-25,6,35,1.791759469228055
Spain,2020-02-26,13,36,2.5649493574615367
Spain,2020-02-27,15,37,2.70805020110221
Spain,2020-02-28,32,38,3.4657359027997265
Spain,2020-02-29,45,39,3.8066624897703196
Spain,2020-03-01,84,40,4.430816798843313
Spain,2020-03-02,120,41,4.787491742782046
Spain,2020-03-03,165,42,5.10594547390058
Spain,2020-03-04,222,43,5.402677381872279
Spain,2020-03-05,259,44,5.556828061699537
Spain,2020-03-06,400,45,5.991464547107982
Spain,2020-03-07,500,46,6.214608098422191
Spain,2020-03-08,673,47,6.511745329644728
Spain,2020-03-09,1073,48,6.9782137426306985
Spain,2020-03-10,1695,49,7.43543801981455
Spain,2020-03-11,2277,50,7.7306140660637395
Spain,2020-03-12,2277,51,7.7306140660637395
Spain,2020-03-13,5232,52,8.562548893137034
Spain,2020-03-14,6391,53,8.762646029650282
Spain,2020-03-15,7798,54,8.961622569542543
Spain,2020-03-16,9942,55,9.204523486654617
Spain,2020-03-17,11748,56,9.37143829231851
Spain,2020-03-18,13910,57,9.540363284917488
Spain,2020-03-19,17963,58,9.796069365768835
Spain,2020-03-20,20410,59,9.92378025580389
Spain,2020-03-21,25374,60,10.141480306700544
Spain,2020-03-22,28768,61,10.267018937271347
Spain,2020-03-23,35136,62,10.466981524869203
Spain,2020-03-24,39885,63,10.59375559234523
Spain,2020-03-25,49515,64,10.810030932955403
Spain,2020-03-26,57786,65,10.964501810788919
Spain,2020-03-27,65719,66,11.093143355967271
Spain,2020-03-28,73235,67,11.201428727752408
Spain,2020-03-29,80110,68,11.291155969209163
Spain,2020-03-30,87956,69,11.384591968418661
Spain,2020-03-31,95923,70,11.471301065275696
Spain,2020-04-01,104118,71,11.553280150318558
Spain,2020-04-02,112065,72,11.62683433907801
Spain,2020-04-03,119199,73,11.688549644316451
Spain,2020-04-04,126168,74,11.745369631167394
Spain,2020-04-05,131646,75,11.787871780870004
Spain,2020-04-06,136675,76,11.8253611237632
Spain,2020-04-07,141942,77,11.863173802440462
Spain,2020-04-08,148220,78,11.90645293550535
Spain,2020-04-09,153222,79,11.939643129111845
Spain,2020-04-10,158273,80,11.972076669098087
Spain,2020-04-11,163027,81,12.001671110243198
Spain,2020-04-12,166831,82,12.024736602957512
Spain,2020-04-13,170099,83,12.044135899471904
Spain,2020-04-14,172541,84,12.05839016837128
Spain,2020-04-15,177644,85,12.087536826603548
Spain,2020-04-16,184948,86,12.12782998346869
Spain,2020-04-17,190839,87,12.159185419624698
Spain,2020-04-18,191726,88,12.163822548423344
Spain,2020-04-19,198674,89,12.199420569449796
Spain,2020-04-20,200210,90,12.207122094665745
Spain,2020-04-21,204178,91,12.226747441396357
Spain,2020-04-22,208389,92,12.247161804358866
Spain,2020-04-23,213024,93,12.26916011440043
Spain,2020-04-24,202990,94,12.220911995726814
Spain,2020-04-25,205905,95,12.23517017635387
Spain,2020-04-26,207634,96,12.243532193357222
Spain,2020-04-27,209465,97,12.25231193994837
Spain,2020-04-28,210773,98,12.258537003954492
Spain,2020-04-29,212917,99,12.268657697388447
Spain,2020-04-30,213435,100,12.271087615647902
Spain,2020-05-01,215216,101,12.279397453948363
Spain,2020-05-02,216582,102,12.28572450760275
Spain,2020-05-03,217466,103,12.289797795452262
Spain,2020-05-04,218011,104,12.292300799213825
Spain,2020-05-05,219329,105,12.29832816460527
Spain,2020-05-06,220325,106,12.30285900796786
Spain,2020-05-07,221447,107,12.307938562183493
Spain,2020-05-08,222857,108,12.31428558914456
Spain,2020-05-09,223578,109,12.31751562544036
Spain,2020-05-10,224350,110,12.320962611404129
Spain,2020-05-11,227436,111,12.3346241591143
Turkey,2020-01-22,0,1,-inf
Turkey,2020-01-23,0,2,-inf
Turkey,2020-01-24,0,3,-inf
Turkey,2020-01-25,0,4,-inf
Turkey,2020-01-26,0,5,-inf
Turkey,2020-01-27,0,6,-inf
Turkey,2020-01-28,0,7,-inf
Turkey,2020-01-29,0,8,-inf
Turkey,2020-01-30,0,9,-inf
Turkey,2020-01-31,0,10,-inf
Turkey,2020-02-01,0,11,-inf
Turkey,2020-02-02,0,12,-inf
Turkey,2020-02-03,0,13,-inf
Turkey,2020-02-04,0,14,-inf
Turkey,2020-02-05,0,15,-inf
Turkey,2020-02-06,0,16,-inf
Turkey,2020-02-07,0,17,-inf
Turkey,2020-02-08,0,18,-inf
Turkey,2020-02-09,0,19,-inf
Turkey,2020-02-10,0,20,-inf
Turkey,2020-02-11,0,21,-inf
Turkey,2020-02-12,0,22,-inf
Turkey,2020-02-13,0,23,-inf
Turkey,2020-02-14,0,24,-inf
Turkey,2020-02-15,0,25,-inf
Turkey,2020-02-16,0,26,-inf
Turkey,2020-02-17,0,27,-inf
Turkey,2020-02-18,0,28,-inf
Turkey,2020-02-19,0,29,-inf
Turkey,2020-02-20,0,30,-inf
Turkey,2020-02-21,0,31,-inf
Turkey,2020-02-22,0,32,-inf
Turkey,2020-02-23,0,33,-inf
Turkey,2020-02-24,0,34,-inf
Turkey,2020-02-25,0,35,-inf
Turkey,2020-02-26,0,36,-inf
Turkey,2020-02-27,0,37,-inf
Turkey,2020-02-28,0,38,-inf
Turkey,2020-02-29,0,39,-inf
Turkey,2020-03-01,0,40,-inf
Turkey,2020-03-02,0,41,-inf
Turkey,2020-03-03,0,42,-inf
Turkey,2020-03-04,0,43,-inf
Turkey,2020-03-05,0,44,-inf
Turkey,2020-03-06,0,45,-inf
Turkey,2020-03-07,0,46,-inf
Turkey,2020-03-08,0,47,-inf
Turkey,2020-03-09,0,48,-inf
Turkey,2020-03-10,0,49,-inf
Turkey,2020-03-11,1,50,0.0
Turkey,2020-03-12,1,51,0.0
Turkey,2020-03-13,5,52,1.6094379124341003
Turkey,2020-03-14,5,53,1.6094379124341003
Turkey,2020-03-15,6,54,1.791759469228055
Turkey,2020-03-16,18,55,2.8903717578961645
Turkey,2020-03-17,47,56,3.8501476017100584
Turkey,2020-03-18,98,57,4.584967478670572
Turkey,2020-03-19,192,58,5.2574953720277815
Turkey,2020-03-20,359,59,5.883322388488279
Turkey,2020-03-21,670,60,6.507277712385012
Turkey,2020-03-22,1236,61,7.119635638017636
Turkey,2020-03-23,1529,62,7.332369205929062
Turkey,2020-03-24,1872,63,7.534762657037537
Turkey,2020-03-25,2433,64,7.796880342783522
Turkey,2020-03-26,3629,65,8.19671240721307
Turkey,2020-03-27,5698,66,8.647870515057853
Turkey,2020-03-28,7402,67,8.909505512946101
Turkey,2020-03-29,9217,68,9.128804883993665
Turkey,2020-03-30,10827,69,9.289798293310898
Turkey,2020-03-31,13531,70,9.512738628263644
Turkey,2020-04-01,15679,71,9.66007751636045
Turkey,2020-04-02,18135,72,9.805599051717003
Turkey,2020-04-03,20921,73,9.948508718183648
Turkey,2020-04-04,23934,74,10.083055321133461
Turkey,2020-04-05,27069,75,10.20614444066261
Turkey,2020-04-06,30217,76,10.316159958893644
Turkey,2020-04-07,34109,77,10.437316558067081
Turkey,2020-04-08,38226,78,10.551271191344544
Turkey,2020-04-09,42282,79,10.652116742555078
Turkey,2020-04-10,47029,80,10.75851971168943
Turkey,2020-04-11,52167,81,10.862205390050178
Turkey,2020-04-12,56956,82,10.950034318900885
Turkey,2020-04-13,61049,83,11.019432099388316
Turkey,2020-04-14,65111,84,11.083848784736833
Turkey,2020-04-15,69392,85,11.147526866075147
Turkey,2020-04-16,74193,86,11.214425085082569
Turkey,2020-04-17,78546,87,11.271439719408153
Turkey,2020-04-18,82329,88,11.318478693977967
Turkey,2020-04-19,86306,89,11.365654399567868
Turkey,2020-04-20,90980,90,11.418394981123996
Turkey,2020-04-21,95591,91,11.467833952348418
Turkey,2020-04-22,98674,92,11.499576766200496
Turkey,2020-04-23,101790,93,11.530667146446385
Turkey,2020-04-24,104912,94,11.5608771825034
Turkey,2020-04-25,107773,95,11.58778244226384
Turkey,2020-04-26,110130,96,11.60941676515899
Turkey,2020-04-27,112261,97,11.628581796348907
Turkey,2020-04-28,114653,98,11.649665454537693
Turkey,2020-04-29,117589,99,11.674950772656802
Turkey,2020-04-30,120204,100,11.696945578399765
Turkey,2020-05-01,122392,101,11.714984287447216
Turkey,2020-05-02,124375,102,11.731056474460894
Turkey,2020-05-03,126045,103,11.744394265030428
Turkey,2020-05-04,127659,104,11.757117925472146
Turkey,2020-05-05,129491,105,11.77136665963713
Turkey,2020-05-06,131744,106,11.788615924569632
Turkey,2020-05-07,133721,107,11.803510818818966
Turkey,2020-05-08,135569,108,11.817236014783045
Turkey,2020-05-09,137115,109,11.828575268756028
Turkey,2020-05-10,138657,110,11.839758536606867
Turkey,2020-05-11,139771,111,11.847760648064504
United States of America,2020-01-22,1,1,0.0
United States of America,2020-01-23,1,2,0.0
United States of America,2020-01-24,2,3,0.6931471805599453
United States of America,2020-01-25,2,4,0.6931471805599453
United States of America,2020-01-26,5,5,1.6094379124341003
United States of America,2020-01-27,5,6,1.6094379124341003
United States of America,2020-01-28,5,7,1.6094379124341003
United States of America,2020-01-29,5,8,1.6094379124341003
United States of America,2020-01-30,5,9,1.6094379124341003
United States of America,2020-01-31,7,10,1.9459101490553132
United States of America,2020-02-01,8,11,2.0794415416798357
United States of America,2020-02-02,8,12,2.0794415416798357
United States of America,2020-02-03,11,13,2.3978952727983707
United States of America,2020-02-04,11,14,2.3978952727983707
United States of America,2020-02-05,11,15,2.3978952727983707
United States of America,2020-02-06,11,16,2.3978952727983707
United States of America,2020-02-07,11,17,2.3978952727983707
United States of America,2020-02-08,11,18,2.3978952727983707
United States of America,2020-02-09,11,19,2.3978952727983707
United States of America,2020-02-10,11,20,2.3978952727983707
United States of America,2020-02-11,12,21,2.4849066497880004
United States of America,2020-02-12,12,22,2.4849066497880004
United States of America,2020-02-13,13,23,2.5649493574615367
United States of America,2020-02-14,13,24,2.5649493574615367
United States of America,2020-02-15,13,25,2.5649493574615367
United States of America,2020-02-16,13,26,2.5649493574615367
United States of America,2020-02-17,13,27,2.5649493574615367
United States of America,2020-02-18,13,28,2.5649493574615367
United States of America,2020-02-19,13,29,2.5649493574615367
United States of America,2020-02-20,13,30,2.5649493574615367
United States of America,2020-02-21,15,31,2.70805020110221
United States of America,2020-02-22,15,32,2.70805020110221
United States of America,2020-02-23,15,33,2.70805020110221
United States of America,2020-02-24,51,34,3.9318256327243257
United States of America,2020-02-25,51,35,3.9318256327243257
United States of America,2020-02-26,57,36,4.04305126783455
United States of America,2020-02-27,58,37,4.060443010546419
United States of America,2020-02-28,60,38,4.0943445622221
United States of America,2020-02-29,68,39,4.219507705176107
United States of America,2020-03-01,74,40,4.30406509320417
United States of America,2020-03-02,98,41,4.584967478670572
United States of America,2020-03-03,118,42,4.770684624465665
United States of America,2020-03-04,149,43,5.003946305945459
United States of America,2020-03-05,217,44,5.37989735354046
United States of America,2020-03-06,262,45,5.568344503761097
United States of America,2020-03-07,402,46,5.996452088619021
United States of America,2020-03-08,518,47,6.249975242259483
United States of America,2020-03-09,583,48,6.368187186350492
United States of America,2020-03-10,959,49,6.8658910748834385
United States of America,2020-03-11,1281,50,7.155396301896734
United States of America,2020-03-12,1663,51,7.416378479192928
United States of America,2020-03-13,2179,52,7.68662133494462
United States of America,2020-03-14,2727,53,7.910957382845589
United States of America,2020-03-15,3499,54,8.160232492367689
United States of America,2020-03-16,4632,55,8.440744019252831
United States of America,2020-03-17,6421,56,8.76732914779405
United States of America,2020-03-18,7783,57,8.959697146959389
United States of America,2020-03-19,13747,58,9.52857589747142
United States of America,2020-03-20,19273,59,9.866460431699052
United States of America,2020-03-21,25600,60,10.150347630467653
United States of America,2020-03-22,33276,61,10.412591695403778
United States of America,2020-03-23,43843,62,10.68837034993756
United States of America,2020-03-24,53736,63,10.8918384469467
United States of America,2020-03-25,65778,64,11.094040714902595
United States of America,2020-03-26,83836,65,11.33661778849305
United States of America,2020-03-27,101657,66,11.529359680433648
United States of America,2020-03-28,121465,67,11.707381434420183
United States of America,2020-03-29,140909,68,11.85586957093556
United States of America,2020-03-30,161831,69,11.994307859815821
United States of America,2020-03-31,188172,70,12.145111717169032
United States of America,2020-04-01,213242,71,12.270182949996071
United States of America,2020-04-02,243622,72,12.40337312272686
United States of America,2020-04-03,275367,73,12.525860032388957
United States of America,2020-04-04,308650,74,12.639963227822042
United States of America,2020-04-05,336802,75,12.727250499574957
United States of America,2020-04-06,366317,76,12.811254357736402
United States of America,2020-04-07,397121,77,12.891996299125749
United States of America,2020-04-08,428654,78,12.968405345685898
United States of America,2020-04-09,462780,79,13.0450070581561
United States of America,2020-04-10,496535,80,13.115409253436997
United States of America,2020-04-11,526396,81,13.17380906018018
United States of America,2020-04-12,555313,82,13.227287197724625
United States of America,2020-04-13,580619,83,13.271850054804705
United States of America,2020-04-14,607670,84,13.317387250441167
United States of America,2020-04-15,636350,85,13.363504005420193
United States of America,2020-04-16,667592,86,13.411432487474531
United States of America,2020-04-17,699706,87,13.458415525800838
United States of America,2020-04-18,732197,88,13.503804882418688
United States of America,2020-04-19,758809,89,13.53950537780555
United States of America,2020-04-20,784326,90,13.572580029231425
United States of America,2020-04-21,811865,91,13.607089349164093
United States of America,2020-04-22,840351,92,13.64157494068437
United States of America,2020-04-23,869170,93,13.675294012272685
United States of America,2020-04-24,905358,94,13.716085724571377
United States of America,2020-04-25,938154,95,13.751669393616925
United States of America,2020-04-26,965785,96,13.780696521135097
United States of America,2020-04-27,988197,97,13.80363734956647
United States of America,2020-04-28,1012582,98,13.828014062337829
United States of America,2020-04-29,1039909,99,13.854643767289208
United States of America,2020-04-30,1069424,100,13.882630743736057
United States of America,2020-05-01,1103461,101,13.913962161961042
United States of America,2020-05-02,1132539,102,13.939972572832476
United States of America,2020-05-03,1158040,103,13.96223947883284
United States of America,2020-05-04,1180375,104,13.98134274256537
United States of America,2020-05-05,1204351,105,14.001451390604005
United States of America,2020-05-06,1229331,106,14.021980676940988
United States of America,2020-05-07,1257023,107,14.044256784938797
United States of America,2020-05-08,1283929,108,14.06543546575301
United States of America,2020-05-09,1309550,109,14.085194124713379
United States of America,2020-05-10,1329260,110,14.100132954377594
United States of America,2020-05-11,1347881,111,14.114044287625825
United Kingdom,2020-01-22,0,1,-inf
United Kingdom,2020-01-23,0,2,-inf
United Kingdom,2020-01-24,0,3,-inf
United Kingdom,2020-01-25,0,4,-inf
United Kingdom,2020-01-26,0,5,-inf
United Kingdom,2020-01-27,0,6,-inf
United Kingdom,2020-01-28,0,7,-inf
United Kingdom,2020-01-29,0,8,-inf
United Kingdom,2020-01-30,0,9,-inf
United Kingdom,2020-01-31,2,10,0.6931471805599453
United Kingdom,2020-02-01,2,11,0.6931471805599453
United Kingdom,2020-02-02,2,12,0.6931471805599453
United Kingdom,2020-02-03,2,13,0.6931471805599453
United Kingdom,2020-02-04,2,14,0.6931471805599453
United Kingdom,2020-02-05,2,15,0.6931471805599453
United Kingdom,2020-02-06,2,16,0.6931471805599453
United Kingdom,2020-02-07,3,17,1.0986122886681098
United Kingdom,2020-02-08,3,18,1.0986122886681098
United Kingdom,2020-02-09,3,19,1.0986122886681098
United Kingdom,2020-02-10,8,20,2.0794415416798357
United Kingdom,2020-02-11,8,21,2.0794415416798357
United Kingdom,2020-02-12,9,22,2.1972245773362196
United Kingdom,2020-02-13,9,23,2.1972245773362196
United Kingdom,2020-02-14,9,24,2.1972245773362196
United Kingdom,2020-02-15,9,25,2.1972245773362196
United Kingdom,2020-02-16,9,26,2.1972245773362196
United Kingdom,2020-02-17,9,27,2.1972245773362196
United Kingdom,2020-02-18,9,28,2.1972245773362196
United Kingdom,2020-02-19,9,29,2.1972245773362196
United Kingdom,2020-02-20,9,30,2.1972245773362196
United Kingdom,2020-02-21,9,31,2.1972245773362196
United Kingdom,2020-02-22,9,32,2.1972245773362196
United Kingdom,2020-02-23,9,33,2.1972245773362196
United Kingdom,2020-02-24,13,34,2.5649493574615367
United Kingdom,2020-02-25,13,35,2.5649493574615367
United Kingdom,2020-02-26,13,36,2.5649493574615367
United Kingdom,2020-02-27,15,37,2.70805020110221
United Kingdom,2020-02-28,20,38,2.995732273553991
United Kingdom,2020-02-29,23,39,3.1354942159291497
United Kingdom,2020-03-01,36,40,3.58351893845611
United Kingdom,2020-03-02,40,41,3.6888794541139363
United Kingdom,2020-03-03,51,42,3.9318256327243257
United Kingdom,2020-03-04,86,43,4.454347296253507
United Kingdom,2020-03-05,116,44,4.7535901911063645
United Kingdom,2020-03-06,164,45,5.099866427824199
United Kingdom,2020-03-07,207,46,5.332718793265369
United Kingdom,2020-03-08,274,47,5.6131281063880705
United Kingdom,2020-03-09,322,48,5.7745515455444085
United Kingdom,2020-03-10,384,49,5.950642552587727
United Kingdom,2020-03-11,459,50,6.129050210060545
United Kingdom,2020-03-12,459,51,6.129050210060545
United Kingdom,2020-03-13,802,52,6.687108607866515
United Kingdom,2020-03-14,1144,53,7.042286171939743
United Kingdom,2020-03-15,1145,54,7.0431599159883405
United Kingdom,2020-03-16,1551,55,7.346655163176539
United Kingdom,2020-03-17,1960,56,7.580699752224563
United Kingdom,2020-03-18,2642,57,7.879291485082271
United Kingdom,2020-03-19,2716,58,7.906915488678587
United Kingdom,2020-03-20,4014,59,8.297543529356284
United Kingdom,2020-03-21,5067,60,8.53050420547591
United Kingdom,2020-03-22,5745,61,8.656085190282855
United Kingdom,2020-03-23,6726,62,8.813735892300215
United Kingdom,2020-03-24,8164,63,9.007489523929735
United Kingdom,2020-03-25,9640,64,9.17367638760459
United Kingdom,2020-03-26,11812,65,9.376871242863814
United Kingdom,2020-03-27,14745,66,9.598659321249377
United Kingdom,2020-03-28,17312,67,9.759155181646207
United Kingdom,2020-03-29,19780,68,9.892426605176704
United Kingdom,2020-03-30,22453,69,10.019179514532201
United Kingdom,2020-03-31,25481,70,10.145688355383795
United Kingdom,2020-04-01,29865,71,10.304442505166406
United Kingdom,2020-04-02,34173,72,10.439191137568022
United Kingdom,2020-04-03,38689,73,10.563310600888576
United Kingdom,2020-04-04,42477,74,10.65671803195308
United Kingdom,2020-04-05,48436,75,10.787998617874257
United Kingdom,2020-04-06,52279,76,10.864350039781693
United Kingdom,2020-04-07,55949,77,10.932195840479363
United Kingdom,2020-04-08,61474,78,11.026369600176976
United Kingdom,2020-04-09,65872,79,11.095468744009686
United Kingdom,2020-04-10,74605,80,11.219962808074522
United Kingdom,2020-04-11,79874,81,11.28820567203965
United Kingdom,2020-04-12,85206,82,11.352827132873069
United Kingdom,2020-04-13,89570,83,11.402775721469242
United Kingdom,2020-04-14,94845,84,11.459999259160822
United Kingdom,2020-04-15,99483,85,11.507742054278074
United Kingdom,2020-04-16,104145,86,11.553539437855484
United Kingdom,2020-04-17,109769,87,11.606133436682683
United Kingdom,2020-04-18,115314,88,11.65541412126246
United Kingdom,2020-04-19,121172,89,11.704966302825094
United Kingdom,2020-04-20,125856,90,11.742893675231537
United Kingdom,2020-04-21,130172,91,11.776611931865789
United Kingdom,2020-04-22,134638,92,11.81034497432774
United Kingdom,2020-04-23,139246,93,11.843997432062768
United Kingdom,2020-04-24,144640,94,11.882003175626004
United Kingdom,2020-04-25,149569,95,11.915513103798302
United Kingdom,2020-04-26,154037,96,11.944948112278277
United Kingdom,2020-04-27,158348,97,11.972550421637576
United Kingdom,2020-04-28,162350,98,11.997509777530992
United Kingdom,2020-04-29,166441,99,12.022396171249941
United Kingdom,2020-04-30,172481,100,12.058042364459617
United Kingdom,2020-05-01,178685,101,12.093379758060882
United Kingdom,2020-05-02,183500,102,12.119969946476761
United Kingdom,2020-05-03,187842,103,12.143356462924642
United Kingdom,2020-05-04,191832,104,12.164375267973965
United Kingdom,2020-05-05,196243,105,12.1871089662187
United Kingdom,2020-05-06,202359,106,12.217798626705582
United Kingdom,2020-05-07,207977,107,12.245182775646299
United Kingdom,2020-05-08,212629,108,12.267304141984468
United Kingdom,2020-05-09,216525,109,12.285461293199246
United Kingdom,2020-05-10,220449,110,12.303421654599791
United Kingdom,2020-05-11,224332,111,12.320882376404688
